<service>
  <id>JenkinsSlave</id>
  <name>Jenkins agent</name>
  <description>This service runs an agent for Jenkins automation server.</description>
  <executable>jenkinsboot.bat</executable>
  <logmode>rotate</logmode>
  <onfailure action="restart">
    <download from="http://192.168.30.114:8080/jnlpJars/agent.jar" to="%BASE%\agent.jar">
      <extensions>
        <extension className="winsw.Plugins.RunawayProcessKiller.RunawayProcessKillerExtension" enabled="true" id="killOnStartup">
          <pidfile>%BASE%\jenkins_agent.pid</pidfile>
          <stopTimeout>5000</stopTimeout>
          <stopParentFirst>false</stopParentFirst>
        </extension>
      </extensions>
    </download>
  </onfailure>
</service>